Action,Time,ISIN,Ticker,Name,No. of shares,Price / share,Currency (Price / share),Exchange rate,Total (EUR),Stamp duty reserve tax (EUR),ID,French transaction tax,Currency conversion fee (EUR)
Market buy,2021-01-05 16:07:21,CH0012221716,ABBN,"ABB",1.5966270000,25.35,CHF,1.07932,37.50,,EOF750825285,,
Market buy,2021-01-05 16:07:21,NL0010273215,ASML,"ASML Holding",0.0861856000,406.10,EUR,1.00000,35.00,,EOF750825289,,
Market buy,2021-01-05 16:07:22,GB0009895292,AZN,"AstraZeneca",0.4549350100,7402.00,GBX,90.24708,37.50,0.19,EOF750825302,,
Market buy,2021-01-05 16:07:29,FR0000121014,MC,"LVMH",0.0691543000,504.60,EUR,1.00000,35.00,,EOF750825348,0.10,
Market buy,2021-01-05 16:07:31,DE0007164600,SAP,"SAP SE",0.3328894000,105.14,EUR,1.00000,35.00,,EOF750825360,,
Market buy,2021-01-05 16:07:34,NL0012969182,ADYEN,"Adyen NV",0.0192572200,1817.50,EUR,1.00000,35.00,,EOF750825381,,
Market buy,2021-01-05 16:08:04,GB00BH4HKS39,VOD,"Vodafone Group",25.3994973000,123.74,GBX,90.24705,35.00,0.17,EOF750825643,,
Market buy,2021-02-01 15:03:37,IE00B3XXRP09,VUSA,"Vanguard S&P 500 ETF",0.2913830000,51.80,GBP,0.88414,17.07,,EOF947672878,,
Market buy,2021-02-01 15:03:37,IE00B1XNHC34,INRG,"iShares Global Clean Energy",1.1986339100,1259.00,GBX,88.40537,17.07,,EOF947672872,,
Market buy,2021-02-01 15:03:56,DE0007164600,SAP,"SAP SE",0.0985730000,106.52,EUR,1.00000,10.50,,EOF947674804,,
Market buy,2021-02-01 15:03:56,NL0012969182,ADYEN,"Adyen NV",0.0059726900,1758.00,EUR,1.00000,10.50,,EOF947674801,,
Market buy,2021-02-01 15:03:57,FR0000121014,MC,"LVMH",0.0206969000,505.80,EUR,1.00000,10.50,,EOF947674849,0.03,
Market buy,2021-02-01 15:03:57,GB00BH4HKS39,VOD,"Vodafone Group",7.3526389000,125.62,GBX,88.40539,10.50,0.05,EOF947674813,,
Market buy,2021-02-01 15:03:58,GB0009895292,AZN,"AstraZeneca",0.1328160700,7451.00,GBX,88.40537,11.25,0.06,EOF947674863,,
Market buy,2021-02-01 15:03:59,CH0012221716,ABBN,"ABB",0.4584510000,26.55,CHF,1.08194,11.25,,EOF947674902,,
Market buy,2021-02-01 15:03:59,NL0010273215,ASML,"ASML Holding",0.0231685000,453.20,EUR,1.00000,10.50,,EOF947674905,,
Market buy,2021-02-01 15:04:10,IE00B8GKDB10,VHYL,"Vanguard FTSE All-World High Dividend Yield",0.3771220000,41.22,GBP,0.88413,17.58,,EOF947676308,,
Market buy,2021-02-01 15:04:11,US00206R1023,T,"AT&T",0.3870770000,28.43,USD,1.20930,9.10,,EOF947676394,,
Market buy,2021-02-01 15:04:11,US7170811035,PFE,"Pfizer",0.3066200000,35.89,USD,1.20930,9.10,,EOF947676378,,
Market buy,2021-02-01 15:04:11,US0378331005,AAPL,"Apple",0.0972268000,132.09,USD,1.20929,10.62,,EOF947676381,,
Market buy,2021-02-01 15:04:11,US11135F1012,AVGO,"Broadcom ",0.0240537000,457.50,USD,1.20929,9.10,,EOF947676370,,
Market buy,2021-02-01 15:04:11,US7427181091,PG,"Procter & Gamble",0.0856122000,128.54,USD,1.20929,9.10,,EOF947676375,,
Market buy,2021-02-01 15:04:12,US8356993076,SONY,"Sony Group",0.1127630000,97.59,USD,1.20929,9.10,,EOF947676420,,
Market buy,2021-02-01 15:04:12,US1912161007,KO,"Coca-Cola",0.2656740000,48.34,USD,1.20929,10.62,,EOF947676426,,
Market buy,2021-02-01 15:05:02,GB00BYN59130,DOM,"Domino's Pizza Group",2.4096529000,332.20,GBX,88.40537,9.10,0.05,EOF947681001,,
Market buy,2021-02-01 15:05:09,US4491091074,HYLN,"Hyliion Holdings",0.0855300000,16.40,USD,1.20925,1.16,,EOF948232176,,
Market buy,2021-02-24 08:07:26,IE00B3XXRP09,VUSA,"Vanguard S&P 500 ETF",0.5447360000,51.92,GBP,0.85696,33.00,,EOF1105948074,,
Market buy,2021-02-24 08:07:28,IE00B1XNHC34,INRG,"iShares Global Clean Energy",2.6669320100,1060.50,GBX,85.70551,33.00,,EOF1105948101,,
Market buy,2021-02-24 08:07:46,NL0010273215,ASML,"ASML Holding",0.0147554000,474.40,EUR,1.00000,7.00,,EOF1105948187,,
Market buy,2021-02-24 08:07:46,GB0009895292,AZN,"AstraZeneca",0.0909801100,7030.00,GBX,85.70507,7.50,0.04,EOF1105948181,,
Market buy,2021-02-24 08:07:46,DE0007164600,SAP,"SAP SE",0.0683193000,102.46,EUR,1.00000,7.00,,EOF1105948178,,
Market buy,2021-02-24 08:07:46,FR0000121014,MC,"LVMH",0.0129552000,538.70,EUR,1.00000,7.00,,EOF1105948184,0.02,
Market buy,2021-02-24 08:07:48,IE00B8GKDB10,VHYL,"Vanguard FTSE All-World High Dividend Yield",0.6978060000,41.76,GBP,0.85696,34.00,,EOF1105948194,,
Market buy,2021-02-24 08:07:50,CH0012221716,ABBN,"ABB",0.3109110000,26.56,CHF,1.10103,7.50,,EOF1105948207,,
Market buy,2021-02-24 08:07:52,NL0012969182,ADYEN,"Adyen NV",0.0034860500,2008.00,EUR,1.00000,7.00,,EOF1105948226,,
Market buy,2021-02-24 08:07:52,GB00BH4HKS39,VOD,"Vodafone Group",4.6032611000,129.68,GBX,85.70507,7.00,0.03,EOF1105948223,,
Market buy,2021-02-24 08:07:56,GB00BYN59130,DOM,"Domino's Pizza Group",3.2694777000,319.00,GBX,85.70552,12.23,0.06,EOF1105948244,,
Market buy,2021-02-24 14:30:11,US1912161007,KO,"Coca-Cola",0.3433680000,50.38,USD,1.21311,14.26,,EOF1106888012,,
Market buy,2021-02-24 14:30:12,US7427181091,PG,"Procter & Gamble",0.1165551000,127.29,USD,1.21311,12.23,,EOF1106888858,,
Market buy,2021-02-24 14:30:16,US11135F1012,AVGO,"Broadcom ",0.0315699000,469.95,USD,1.21311,12.23,,EOF1106890461,,
Market buy,2021-02-24 14:30:18,US8356993076,SONY,"Sony Group",0.1368283000,108.43,USD,1.21311,12.23,,EOF1106891926,,
Market buy,2021-02-24 14:30:24,US00206R1023,T,"AT&T",0.5072230000,29.25,USD,1.21310,12.23,,EOF1106894050,,
Market buy,2021-02-24 14:30:24,US0378331005,AAPL,"Apple",0.1383358000,125.05,USD,1.21311,14.26,,EOF1106893926,,
Market buy,2021-02-24 14:32:22,US7170811035,PFE,"Pfizer",0.4379070000,33.88,USD,1.21311,12.23,,EOF1106898340,,
Market buy,2021-04-13 12:02:41,CH0012221716,ABBN,"ABB",0.2959700000,29.06,CHF,1.09987,7.83,,EOF1276824394,,0.01
Market buy,2021-04-13 12:02:45,DE0007164600,SAP,"SAP SE",0.0656820000,111.14,EUR,1.00000,7.30,,EOF1276824404,,
Market buy,2021-04-13 12:02:45,GB00BH4HKS39,VOD,"Vodafone Group",4.7063748000,133.54,GBX,86.64362,7.30,0.04,EOF1276824401,,0.01
Market buy,2021-04-13 12:02:45,NL0010273215,ASML,"ASML Holding",0.0137968000,529.10,EUR,1.00000,7.30,,EOF1276824398,,
Market buy,2021-04-13 12:02:54,FR0000121014,MC,"LVMH",0.0122837000,592.50,EUR,1.00000,7.30,,EOF1276824411,0.02,
Market buy,2021-04-13 12:03:01,GB0009895292,AZN,"AstraZeneca",0.0938972100,7180.00,GBX,86.64362,7.83,0.04,EOF1276824414,,0.01
Market buy,2021-04-13 12:03:17,NL0012969182,ADYEN,"Adyen NV",0.0036972700,1974.40,EUR,1.00000,7.30,,EOF1276824436,,
Market buy,2021-04-13 12:14:07,GB00BYN59130,DOM,"Domino's Pizza Group",1.6536181000,350.40,GBX,86.65549,6.73,0.03,EOF1276825426,,0.01
Market buy,2021-04-13 13:30:10,US81141R1005,SE,"Sea Limited",0.0218618000,245.02,USD,1.19301,4.50,,EOF1276834735,,0.01
Market buy,2021-04-13 13:30:10,US3383071012,FIVN,"Five9",0.0200033000,178.92,USD,1.19301,3.00,,EOF1276834825,,
Market buy,2021-04-13 13:30:11,CA1366351098,CSIQ,"Canadian Solar",0.1238520000,43.25,USD,1.19301,4.50,,EOF1276835793,,0.01
Market buy,2021-04-13 13:30:12,US5533681012,MP,"MP Materials",0.1023740000,34.96,USD,1.19301,3.00,,EOF1276836070,,
Market buy,2021-04-13 13:30:12,US7427181091,PG,"Procter & Gamble",0.0588101000,136.32,USD,1.19301,6.73,,EOF1276836112,,0.01
Market buy,2021-04-13 13:30:12,US29786A1060,ETSY,"Etsy",0.0159783000,223.99,USD,1.19301,3.00,,EOF1276836151,,
Market buy,2021-04-13 13:30:12,US1912161007,KO,"Coca-Cola",0.1761090000,53.11,USD,1.19301,7.85,,EOF1276836367,,0.01
Market buy,2021-04-13 13:30:13,US69608A1088,PLTR,"Palantir",0.1540010000,23.24,USD,1.19302,3.00,,EOF1276836920,,
Market buy,2021-04-13 13:30:13,IL0011582033,FVRR,"Fiverr International",0.0154267000,232.00,USD,1.19301,3.00,,EOF1276837036,,
Market buy,2021-04-13 13:30:13,US58733R1023,MELI,"Mercado Libre",0.0022145300,1616.14,USD,1.19301,3.00,,EOF1276837186,,
Market buy,2021-04-13 13:30:13,US29355A1079,ENPH,"Enphase Energy",0.0352500000,151.96,USD,1.19301,4.50,,EOF1276837307,,0.01
Market buy,2021-04-13 13:30:13,US0126531013,ALB,"Albemarle",0.0241530000,148.18,USD,1.19301,3.00,,EOF1276837330,,
Market buy,2021-04-13 13:30:14,US30212W1009,EXPI,"eXp World Holdings",0.0916510000,39.05,USD,1.19302,3.00,,EOF1276837562,,
Market buy,2021-04-13 13:30:14,US2473617023,DAL,"Delta Air Lines",0.1127940000,47.49,USD,1.19301,4.50,,EOF1276837689,,0.01
Market buy,2021-04-13 13:30:14,US18915M1071,NET,"Cloudflare",0.0759800000,70.50,USD,1.19301,4.50,,EOF1276837756,,0.01
Market buy,2021-04-13 13:30:15,US0079031078,AMD,"Advanced Micro Devices",0.0673440000,79.54,USD,1.19302,4.50,,EOF1276837955,,0.01
Market buy,2021-04-13 13:30:15,US46625H1005,JPM,"JPMorgan Chase",0.0345052000,155.24,USD,1.19301,4.50,,EOF1276838040,,0.01
Market buy,2021-04-13 13:30:15,US91332U1016,U,"Unity Software",0.0541180000,98.98,USD,1.19301,4.50,,EOF1276838108,,0.01
Market buy,2021-04-13 13:30:15,US31188V1008,FSLY,"Fastly",0.0770060000,69.56,USD,1.19302,4.50,,EOF1276838122,,0.01
Market buy,2021-04-13 13:30:15,US00724F1012,ADBE,"Adobe Systems",0.0105432000,508.06,USD,1.19301,4.50,,EOF1276838170,,0.01
Market buy,2021-04-13 13:30:15,CA82509L1076,SHOP,"Shopify",0.0043906900,1219.99,USD,1.19301,4.50,,EOF1276838266,,0.01
Market buy,2021-04-13 13:30:15,US90138F1021,TWLO,"Twilio",0.0142152000,376.82,USD,1.19301,4.50,,EOF1276838246,,0.01
Market buy,2021-04-13 13:30:15,US83417M1045,SEDG,"SolarEdge Technologies",0.0201141000,266.31,USD,1.19301,4.50,,EOF1276838276,,0.01
Market buy,2021-04-13 13:30:15,US03662Q1058,ANSS,"ANSYS",0.0144254000,371.33,USD,1.19301,4.50,,EOF1276838365,,0.01
Market buy,2021-04-13 13:30:16,US67066G1040,NVDA,"Nvidia",0.0087922000,609.24,USD,1.19301,4.50,,EOF1276838465,,0.01
Market buy,2021-04-13 13:30:16,US87918A1051,TDOC,"Teladoc",0.0192419000,186.00,USD,1.19301,3.00,,EOF1276838503,,
Market buy,2021-04-13 13:30:16,US0378331005,AAPL,"Apple",0.0707717000,132.16,USD,1.19301,7.85,,EOF1276838629,,0.01
Market buy,2021-04-13 13:30:16,US70432V1026,PAYC,"Paycom Software",0.0139698000,383.44,USD,1.19301,4.50,,EOF1276838663,,0.01
Market buy,2021-04-13 13:30:17,US8356993076,SONY,"Sony Group",0.0715803000,112.00,USD,1.19301,6.73,,EOF1276838943,,0.01
Market buy,2021-04-13 13:30:17,US52567D1072,LMND,"Lemonade",0.0395600000,90.47,USD,1.19301,3.00,,EOF1276838840,,
Market buy,2021-04-13 13:30:18,US0527691069,ADSK,"Autodesk",0.0180144000,297.35,USD,1.19301,4.50,,EOF1276839031,,0.01
Market buy,2021-04-13 13:30:18,US8356993076,SONY,"Sony Group",0.0478267000,112.00,USD,1.19301,4.50,,EOF1276839019,,0.01
Market buy,2021-04-13 13:30:19,US75737F1084,RDFN,"Redfin",0.0539080000,66.39,USD,1.19301,3.00,,EOF1276839262,,
Market buy,2021-04-13 13:30:19,US7075691094,PENN,"Penn National Gaming",0.0351779000,101.74,USD,1.19301,3.00,,EOF1276839287,,
Market buy,2021-04-13 13:30:19,US7170811035,PFE,"Pfizer",0.2147020000,37.34,USD,1.19301,6.73,,EOF1276839344,,0.01
Market buy,2021-04-13 13:30:21,US88160R1014,TSLA,"Tesla",0.0075180000,712.50,USD,1.19301,4.50,,EOF1276839524,,0.01
Market buy,2021-04-13 13:30:32,US11135F1012,AVGO,"Broadcom ",0.0164979000,485.94,USD,1.19301,6.73,,EOF1276840009,,0.01
Market buy,2021-04-13 13:30:35,KYG851581069,STNE,"StoneCo",0.0781980000,68.50,USD,1.19301,4.50,,EOF1276840085,,0.01
Market buy,2021-04-13 13:30:38,US12769G1004,CZR,"Caesars Entertainment",0.0379530000,94.30,USD,1.19301,3.00,,EOF1276840171,,
Market buy,2021-04-13 13:30:58,US01609W1027,BABA,"Alibaba",0.0219893000,243.60,USD,1.19301,4.50,,EOF1276840553,,0.01
Market buy,2021-04-13 13:31:04,US00206R1023,T,"AT&T",0.2690260000,29.80,USD,1.19301,6.73,,EOF1276840743,,0.01
Market buy,2021-04-13 13:31:22,US91688F1049,UPWK,"Upwork",0.0731750000,48.91,USD,1.19302,3.00,,EOF1276841140,,
Market buy,2021-04-13 13:31:44,US72352L1061,PINS,"Pinterest",0.0633910000,84.50,USD,1.19301,4.50,,EOF1276841477,,0.01
Market buy,2021-04-13 13:32:07,US62914V1061,NIO,"NIO Inc",0.1425380000,37.58,USD,1.19302,4.50,,EOF1276841860,,0.01
Market buy,2021-04-13 13:33:21,US8522341036,SQ,"Block",0.0199218000,268.88,USD,1.19301,4.50,,EOF1276842751,,0.01
Market buy,2021-05-28 09:42:17,IE00B3XXRP09,VUSA,"Vanguard S&P 500 ETF",0.0162730000,56.48,GBP,0.85898,1.07,,EOF1361026848,,
Market buy,2021-05-28 09:42:18,IE00B1XNHC34,INRG,"iShares Global Clean Energy",0.0993936000,924.75,GBX,85.90128,1.07,,EOF1361026856,,
Market buy,2021-05-28 09:44:30,IE00B8GKDB10,VHYL,"Vanguard FTSE All-World High Dividend Yield",0.0209740000,45.46,GBP,0.85897,1.11,,EOF1361027314,,
Market buy,2021-06-07 15:01:21,US7427181091,PG,"Procter & Gamble",0.1392630000,135.97,USD,1.21851,15.56,,EOF1377290127,,0.02
Market buy,2021-06-07 15:01:21,US0378331005,AAPL,"Apple",0.1766776000,124.97,USD,1.21850,18.15,,EOF1377290124,,0.03
Market buy,2021-06-07 15:01:22,US1912161007,KO,"Coca-Cola",0.3943450000,55.99,USD,1.21851,18.15,,EOF1377290138,,0.03
Market buy,2021-06-07 15:01:23,US8356993076,SONY,"Sony Group",0.1895640000,99.89,USD,1.21850,15.56,,EOF1377290142,,0.02
Market buy,2021-06-07 15:01:24,US11135F1012,AVGO,"Broadcom ",0.0405655000,466.79,USD,1.21851,15.56,,EOF1377290145,,0.02
Market buy,2021-06-07 15:01:31,US7170811035,PFE,"Pfizer",0.4814540000,39.33,USD,1.21851,15.56,,EOF1377290171,,0.02
Market buy,2021-06-07 15:01:32,FR0000121014,MC,"LVMH",0.0268746000,655.90,EUR,1.00000,17.68,,EOF1377290192,0.05,
Market buy,2021-06-07 15:01:32,NL0012969182,ADYEN,"Adyen NV",0.0094012000,1880.60,EUR,1.00000,17.68,,EOF1377290189,,
Market buy,2021-06-07 15:01:33,US00206R1023,T,"AT&T",0.6495910000,29.15,USD,1.21850,15.56,,EOF1377290195,,0.02
Market buy,2021-06-07 15:01:34,GB0009895292,AZN,"AstraZeneca",0.2018305900,8022.00,GBX,86.00323,18.95,0.09,EOF1377290209,,0.03
Market buy,2021-06-07 15:01:35,CH0012221716,ABBN,"ABB",0.6558360000,31.56,CHF,1.09398,18.95,,EOF1377290213,,0.03
Market buy,2021-06-07 15:01:39,NL0010273215,ASML,"ASML Holding",0.0316390000,558.80,EUR,1.00000,17.68,,EOF1377290229,,
Market buy,2021-06-07 15:01:42,GB00BH4HKS39,VOD,"Vodafone Group",11.6651560000,129.48,GBX,86.00322,17.68,0.09,EOF1377290237,,0.03
Market buy,2021-06-07 15:01:51,DE0007164600,SAP,"SAP SE",0.1526498000,115.82,EUR,1.00000,17.68,,EOF1377290278,,
Market buy,2021-06-07 15:11:37,GB00BYN59130,DOM,"Domino's Pizza Group",3.4940633000,380.60,GBX,86.00323,15.56,0.08,EOF1377292883,,0.02
Market buy,2021-07-06 08:20:23,IE00B3XXRP09,VUSA,"Vanguard S&P 500 ETF",0.0166710000,59.49,GBP,0.85502,1.16,,EOF1430261896,,
Market buy,2021-07-06 08:21:07,IE00B8GKDB10,VHYL,"Vanguard FTSE All-World High Dividend Yield",0.0224870000,45.63,GBP,0.85502,1.20,,EOF1430262358,,
Market buy,2021-07-06 08:21:18,IE00B1XNHC34,INRG,"iShares Global Clean Energy",0.1023149000,969.25,GBX,85.49040,1.16,,EOF1430262404,,
Market buy,2021-08-05 17:37:26,US46625H1005,JPM,"JPMorgan Chase",0.0585561000,152.79,USD,1.18345,7.57,,EOF1483923413,,0.01
Market buy,2021-08-05 17:37:26,US29355A1079,ENPH,"Enphase Energy",0.0483401000,185.08,USD,1.18345,7.57,,EOF1483923410,,0.01
Market buy,2021-08-05 17:37:26,US62914V1061,NIO,"NIO Inc",0.1934440000,46.25,USD,1.18345,7.57,,EOF1483923416,,0.01
Market buy,2021-08-05 17:37:26,CA82509L1076,SHOP,"Shopify",0.0057490900,1556.21,USD,1.18345,7.57,,EOF1483923419,,0.01
Market buy,2021-08-05 17:37:26,US31188V1008,FSLY,"Fastly",0.2141400000,41.78,USD,1.18345,7.57,,EOF1483923422,,0.01
Market buy,2021-08-05 17:37:26,US81141R1005,SE,"Sea Limited",0.0291569000,306.85,USD,1.18345,7.57,,EOF1483923401,,0.01
Market buy,2021-08-05 17:37:26,US7075691094,PENN,"Penn National Gaming",0.0821060000,72.50,USD,1.18345,5.04,,EOF1483923398,,0.01
Market buy,2021-08-05 17:37:26,US67066G1040,NVDA,"Nvidia",0.0433489000,206.39,USD,1.18345,7.57,,EOF1483923404,,0.01
Market buy,2021-08-05 17:37:26,US88160R1014,TSLA,"Tesla",0.0125217000,714.50,USD,1.18345,7.57,,EOF1483923407,,0.01
Market buy,2021-08-05 17:37:26,US01609W1027,BABA,"Alibaba",0.0448416000,199.52,USD,1.18345,7.57,,EOF1483923348,,0.01
Market buy,2021-08-05 17:37:26,US0079031078,AMD,"Advanced Micro Devices",0.0795766000,112.43,USD,1.18345,7.57,,EOF1483923353,,0.01
Market buy,2021-08-05 17:37:26,CA1366351098,CSIQ,"Canadian Solar",0.2216200000,40.37,USD,1.18344,7.57,,EOF1483923358,,0.01
Market buy,2021-08-05 17:37:26,US00724F1012,ADBE,"Adobe Systems",0.0141735000,631.23,USD,1.18345,7.57,,EOF1483923343,,0.01
Market buy,2021-08-05 17:37:27,US72352L1061,PINS,"Pinterest",0.1482730000,60.34,USD,1.18345,7.57,,EOF1483923425,,0.01
Market buy,2021-08-05 17:37:28,US12769G1004,CZR,"Caesars Entertainment",0.0658410000,90.41,USD,1.18344,5.04,,EOF1483923428,,0.01
Market buy,2021-08-05 17:37:28,US8522341036,SQ,"Block",0.0315372000,283.69,USD,1.18345,7.57,,EOF1483923431,,0.01
Market buy,2021-08-05 17:37:29,US29786A1060,ETSY,"Etsy",0.0318071000,187.15,USD,1.18345,5.04,,EOF1483923437,,0.01
Market buy,2021-08-05 17:37:29,US0126531013,ALB,"Albemarle",0.0271812000,219.00,USD,1.18345,5.04,,EOF1483923434,,0.01
Market buy,2021-08-05 17:37:29,IL0011582033,FVRR,"Fiverr International",0.0338202000,176.01,USD,1.18345,5.04,,EOF1483923440,,0.01
Market buy,2021-08-05 17:37:30,US2473617023,DAL,"Delta Air Lines",0.2239490000,39.95,USD,1.18345,7.57,,EOF1483923443,,0.01
Market buy,2021-08-05 17:37:33,US70432V1026,PAYC,"Paycom Software",0.0196163000,456.09,USD,1.18345,7.57,,EOF1483923451,,0.01
Market buy,2021-08-05 17:37:34,KYG851581069,STNE,"StoneCo",0.1541750000,58.03,USD,1.18345,7.57,,EOF1483923460,,0.01
Market buy,2021-08-05 17:37:34,US75737F1084,RDFN,"Redfin",0.0975850000,61.00,USD,1.18344,5.04,,EOF1483923457,,0.01
Market buy,2021-08-05 17:37:34,US90138F1021,TWLO,"Twilio",0.0236381000,378.49,USD,1.18345,7.57,,EOF1483923454,,0.01
Market buy,2021-08-05 17:37:37,US91332U1016,U,"Unity Software",0.0810471000,110.39,USD,1.18345,7.57,,EOF1483923465,,0.01
Market buy,2021-08-05 17:37:41,US3383071012,FIVN,"Five9",0.0283448000,210.01,USD,1.18345,5.04,,EOF1483923473,,0.01
Market buy,2021-08-05 17:37:43,US52567D1072,LMND,"Lemonade",0.0744080000,80.00,USD,1.18345,5.04,,EOF1483923477,,0.01
Market buy,2021-08-05 17:37:45,US8356993076,SONY,"Sony Group",0.0871752000,102.63,USD,1.18345,7.57,,EOF1483923483,,0.01
Market buy,2021-08-05 17:37:46,US87918A1051,TDOC,"Teladoc",0.0388050000,153.40,USD,1.18345,5.04,,EOF1483923486,,0.01
Market buy,2021-08-05 17:37:47,US83417M1045,SEDG,"SolarEdge Technologies",0.0311398000,287.31,USD,1.18345,7.57,,EOF1483923494,,0.01
Market buy,2021-08-05 17:37:47,US58733R1023,MELI,"Mercado Libre",0.0033144200,1796.00,USD,1.18345,5.04,,EOF1483923489,,0.01
Market buy,2021-08-05 17:37:48,US91688F1049,UPWK,"Upwork",0.1246110000,47.77,USD,1.18345,5.04,,EOF1483923501,,0.01
Market buy,2021-08-05 17:37:49,US30212W1009,EXPI,"eXp World Holdings",0.1196520000,49.75,USD,1.18344,5.04,,EOF1483923504,,0.01
Market buy,2021-08-05 17:37:52,US03662Q1058,ANSS,"ANSYS",0.0239552000,373.48,USD,1.18345,7.57,,EOF1483923510,,0.01
Market buy,2021-08-05 17:37:55,US18915M1071,NET,"Cloudflare",0.0737819000,121.26,USD,1.18345,7.57,,EOF1483923522,,0.01
Market buy,2021-08-05 17:37:57,US0527691069,ADSK,"Autodesk",0.0273243000,327.43,USD,1.18345,7.57,,EOF1483923532,,0.01
Market buy,2021-08-05 17:37:58,US69608A1088,PLTR,"Palantir",0.2636270000,22.58,USD,1.18345,5.04,,EOF1483923535,,0.01
Market buy,2021-08-05 17:39:00,US5533681012,MP,"MP Materials",0.1668820000,35.67,USD,1.18345,5.04,,EOF1483923594,,0.01
Market buy,2021-09-06 09:17:49,IE00B3XXRP09,VUSA,"Vanguard S&P 500 ETF",0.2262850000,62.42,GBP,0.85702,16.50,,EOF1530342373,,0.02
Market buy,2021-09-06 09:17:57,DE0007164600,SAP,"SAP SE",0.0616777000,126.30,EUR,1.00000,7.79,,EOF1530342393,,
Market buy,2021-09-06 09:17:57,IE00B8GKDB10,VHYL,"Vanguard FTSE All-World High Dividend Yield",0.3138590000,46.37,GBP,0.85702,17.01,,EOF1530342397,,0.03
Market buy,2021-09-07 17:13:21,IL0011582033,FVRR,"Fiverr International",0.0193963000,183.22,USD,1.18460,3.00,,EOF1532798815,,
Market buy,2021-09-07 17:13:21,US75737F1084,RDFN,"Redfin",0.0689650000,51.53,USD,1.18461,3.00,,EOF1532798846,,
Market buy,2021-09-07 17:13:21,US62914V1061,NIO,"NIO Inc",0.1303300000,40.81,USD,1.18460,4.50,,EOF1532798849,,0.01
Market buy,2021-09-07 17:13:21,US0079031078,AMD,"Advanced Micro Devices",0.0487382000,109.13,USD,1.18461,4.50,,EOF1532798843,,0.01
Market buy,2021-09-07 17:13:21,US87918A1051,TDOC,"Teladoc",0.0249424000,142.48,USD,1.18461,3.00,,EOF1532798840,,
Market buy,2021-09-07 17:13:21,US00724F1012,ADBE,"Adobe Systems",0.0080373000,661.76,USD,1.18461,4.50,,EOF1532798834,,0.01
Market buy,2021-09-07 17:13:21,US91332U1016,U,"Unity Software",0.0394014000,134.99,USD,1.18461,4.50,,EOF1532798837,,0.01
Market buy,2021-09-07 17:13:21,US88160R1014,TSLA,"Tesla",0.0070775000,751.50,USD,1.18461,4.50,,EOF1532798831,,0.01
Market buy,2021-09-07 17:13:21,US52567D1072,LMND,"Lemonade",0.0458910000,77.44,USD,1.18460,3.00,,EOF1532798828,,
Market buy,2021-09-07 17:13:21,US83417M1045,SEDG,"SolarEdge Technologies",0.0191489000,277.76,USD,1.18461,4.50,,EOF1532798825,,0.01
Market buy,2021-09-07 17:13:21,US72352L1061,PINS,"Pinterest",0.0955410000,55.67,USD,1.18461,4.50,,EOF1532798820,,0.01
Market buy,2021-09-07 17:13:21,US8522341036,SQ,"Block",0.0199677000,266.37,USD,1.18461,4.50,,EOF1532798858,,0.01
Market buy,2021-09-07 17:13:21,KYG851581069,STNE,"StoneCo",0.1189880000,44.70,USD,1.18460,4.50,,EOF1532798855,,0.01
Market buy,2021-09-07 17:13:21,US67066G1040,NVDA,"Nvidia",0.0234898000,226.43,USD,1.18461,4.50,,EOF1532798852,,0.01
Market buy,2021-09-07 17:13:22,CA1366351098,CSIQ,"Canadian Solar",0.1429780000,37.20,USD,1.18461,4.50,,EOF1532798878,,0.01
Market buy,2021-09-07 17:13:22,US81141R1005,SE,"Sea Limited",0.0148673000,357.75,USD,1.18460,4.50,,EOF1532798881,,0.01
Market buy,2021-09-07 17:13:22,US01609W1027,BABA,"Alibaba",0.0302686000,175.72,USD,1.18461,4.50,,EOF1532798875,,0.01
Market buy,2021-09-07 17:13:22,US29355A1079,ENPH,"Enphase Energy",0.0316463000,168.07,USD,1.18461,4.50,,EOF1532798870,,0.01
Market buy,2021-09-07 17:13:22,US31188V1008,FSLY,"Fastly",0.1151250000,46.20,USD,1.18461,4.50,,EOF1532798867,,0.01
Market buy,2021-09-07 17:13:22,US2473617023,DAL,"Delta Air Lines",0.1324730000,40.15,USD,1.18461,4.50,,EOF1532798864,,0.01
Market buy,2021-09-07 17:13:22,US03662Q1058,ANSS,"ANSYS",0.0143363000,371.00,USD,1.18461,4.50,,EOF1532798861,,0.01
Market buy,2021-09-07 17:13:22,CA82509L1076,SHOP,"Shopify",0.0034453500,1543.76,USD,1.18461,4.50,,EOF1532798887,,0.01
Market buy,2021-09-07 17:13:22,US29786A1060,ETSY,"Etsy",0.0163160000,217.81,USD,1.18461,3.00,,EOF1532798884,,
Market buy,2021-09-07 17:13:23,US18915M1071,NET,"Cloudflare",0.0406139000,130.96,USD,1.18460,4.50,,EOF1532798890,,0.01
Market buy,2021-09-07 17:13:23,US46625H1005,JPM,"JPMorgan Chase",0.0331844000,160.28,USD,1.18460,4.50,,EOF1532798893,,0.01
Market buy,2021-09-07 17:13:24,US12769G1004,CZR,"Caesars Entertainment",0.0334506000,106.24,USD,1.18461,3.00,,EOF1532798899,,
Market buy,2021-09-07 17:13:24,US30212W1009,EXPI,"eXp World Holdings",0.0700670000,50.72,USD,1.18461,3.00,,EOF1532798896,,
Market buy,2021-09-07 17:13:25,US91688F1049,UPWK,"Upwork",0.0782940000,45.39,USD,1.18460,3.00,,EOF1532798906,,
Market buy,2021-09-07 17:13:25,US7075691094,PENN,"Penn National Gaming",0.0428060000,83.02,USD,1.18460,3.00,,EOF1532798903,,
Market buy,2021-09-07 17:13:27,US8356993076,SONY,"Sony Group",0.0491071000,108.31,USD,1.18461,4.50,,EOF1532798913,,0.01
Market buy,2021-09-07 17:13:27,US5533681012,MP,"MP Materials",0.1028290000,34.56,USD,1.18460,3.00,,EOF1532798909,,
Market buy,2021-09-07 17:13:40,US3383071012,FIVN,"Five9",0.0208580000,170.38,USD,1.18461,3.00,,EOF1532798949,,
Market buy,2021-09-07 17:13:41,US0527691069,ADSK,"Autodesk",0.0186011000,285.94,USD,1.18461,4.50,,EOF1532798954,,0.01
Market buy,2021-09-07 17:13:43,US58733R1023,MELI,"Mercado Libre",0.0018218200,1950.68,USD,1.18461,3.00,,EOF1532798963,,
Market buy,2021-09-07 17:13:54,US69608A1088,PLTR,"Palantir",0.1346130000,26.40,USD,1.18460,3.00,,EOF1532798976,,
Market buy,2021-09-07 17:13:57,US90138F1021,TWLO,"Twilio",0.0146604000,362.80,USD,1.18461,4.50,,EOF1532798979,,0.01
Market buy,2021-09-07 17:14:05,US70432V1026,PAYC,"Paycom Software",0.0109801000,484.40,USD,1.18461,4.50,,EOF1532799003,,0.01
Market buy,2021-09-07 17:14:25,US0126531013,ALB,"Albemarle",0.0148731000,238.94,USD,1.18461,3.00,,EOF1532799031,,
Market buy,2021-09-08 07:00:09,DE0007164600,SAP,"SAP SE",0.0533601000,125.56,EUR,1.00000,6.70,,EOF1533917327,,
Market buy,2021-09-08 07:00:21,NL0012969182,ADYEN,"Adyen NV",0.0025201800,2658.50,EUR,1.00000,6.70,,EOF1533917469,,
Market buy,2021-09-08 07:00:23,NL0010273215,ASML,"ASML Holding",0.0092183000,726.80,EUR,1.00000,6.70,,EOF1533917500,,
Market buy,2021-09-08 07:00:26,FR0000121014,MC,"LVMH",0.0102452000,652.00,EUR,1.00000,6.70,,EOF1533917557,0.02,
Market buy,2021-09-08 07:00:31,IE00B8GKDB10,VHYL,"Vanguard FTSE All-World High Dividend Yield",0.1046580000,46.00,GBP,0.85970,5.61,,EOF1533917780,,0.01
Market buy,2021-09-08 07:00:32,GB0009895292,AZN,"AstraZeneca",0.0721749900,8498.00,GBX,85.97069,7.18,0.04,EOF1533917886,,0.01
Market buy,2021-09-08 07:00:33,IE00B3XXRP09,VUSA,"Vanguard S&P 500 ETF",0.0748390000,62.38,GBP,0.85970,5.44,,EOF1533918184,,0.01
Market buy,2021-09-08 07:00:33,IE00B1XNHC34,INRG,"iShares Global Clean Energy",0.4807630000,971.00,GBX,85.97069,5.44,,EOF1533918136,,0.01
Market buy,2021-09-08 07:00:34,GB00BH4HKS39,VOD,"Vodafone Group",4.7054966000,121.62,GBX,85.97070,6.70,0.03,EOF1533918256,,0.01
Market buy,2021-09-08 07:00:45,CH0012221716,ABBN,"ABB",0.2304270000,33.88,CHF,1.08882,7.18,,EOF1533918502,,0.01
Market buy,2021-10-04 08:17:11,GB00BYN59130,DOM,"Domino's Pizza Group",0.2182620000,401.80,GBX,85.56917,1.02,,EOF1579480885,,
Market buy,2021-10-04 13:45:21,US7427181091,PG,"Procter & Gamble",0.0085604000,139.90,USD,1.16281,1.03,,EOF1579511875,,
Market buy,2021-10-04 13:45:21,US1912161007,KO,"Coca-Cola",0.0263310000,53.43,USD,1.16281,1.21,,EOF1579511938,,
Market buy,2021-10-04 13:45:21,US0378331005,AAPL,"Apple",0.0099936000,140.78,USD,1.16281,1.21,,EOF1579511891,,
Market buy,2021-10-04 13:45:21,US11135F1012,AVGO,"Broadcom ",0.0024815000,482.61,USD,1.16281,1.03,,EOF1579511990,,
Market buy,2021-10-04 13:45:21,US7170811035,PFE,"Pfizer",0.0277470000,43.16,USD,1.16280,1.03,,EOF1579511952,,
Market buy,2021-10-04 13:45:23,US00206R1023,T,"AT&T",0.0437080000,27.40,USD,1.16280,1.03,,EOF1579512393,,
Market buy,2021-10-04 13:45:25,US8356993076,SONY,"Sony Group",0.0111301000,107.60,USD,1.16281,1.03,,EOF1579513235,,
Market buy,2021-10-07 07:15:06,IE00B3XXRP09,VUSA,"Vanguard S&P 500 ETF",0.0161280000,61.16,GBP,0.85042,1.16,,EOF1585867686,,
Market buy,2021-10-07 07:15:09,IE00B8GKDB10,VHYL,"Vanguard FTSE All-World High Dividend Yield",0.0222290000,45.53,GBP,0.85042,1.19,,EOF1585868038,,
Market buy,2021-10-07 07:15:11,IE00B1XNHC34,INRG,"iShares Global Clean Energy",0.1091241000,904.00,GBX,85.04160,1.16,,EOF1585868151,,
Market buy,2021-10-07 13:38:51,US0126531013,ALB,"Albemarle",0.0051187000,225.74,USD,1.15560,1.00,,EOF1585890440,,
Market buy,2021-10-07 13:38:51,US81141R1005,SE,"Sea Limited",0.0053108000,326.37,USD,1.15560,1.50,,EOF1585890437,,
Market buy,2021-10-07 13:38:51,US01609W1027,BABA,"Alibaba",0.0114719000,151.09,USD,1.15560,1.50,,EOF1585890434,,
Market buy,2021-10-07 13:38:51,US58733R1023,MELI,"Mercado Libre",0.0007372900,1567.21,USD,1.15560,1.00,,EOF1585890449,,
Market buy,2021-10-07 13:38:51,US2473617023,DAL,"Delta Air Lines",0.0391260000,44.30,USD,1.15560,1.50,,EOF1585890446,,
Market buy,2021-10-07 13:38:51,US7075691094,PENN,"Penn National Gaming",0.0159310000,72.53,USD,1.15560,1.00,,EOF1585890443,,
Market buy,2021-10-07 13:38:51,US67066G1040,NVDA,"Nvidia",0.0082365000,210.44,USD,1.15560,1.50,,EOF1585890455,,
Market buy,2021-10-07 13:38:51,US88160R1014,TSLA,"Tesla",0.0022057000,785.80,USD,1.15560,1.50,,EOF1585890452,,
Market buy,2021-10-07 13:38:51,US72352L1061,PINS,"Pinterest",0.0337150000,51.41,USD,1.15560,1.50,,EOF1585890463,,
Market buy,2021-10-07 13:38:51,US8522341036,SQ,"Block",0.0069916000,247.91,USD,1.15560,1.50,,EOF1585890458,,
Market buy,2021-10-07 13:38:51,US29786A1060,ETSY,"Etsy",0.0053819000,214.70,USD,1.15560,1.00,,EOF1585890472,,
Market buy,2021-10-07 13:38:51,US46625H1005,JPM,"JPMorgan Chase",0.0101659000,170.50,USD,1.15560,1.50,,EOF1585890469,,
Market buy,2021-10-07 13:38:51,US62914V1061,NIO,"NIO Inc",0.0491570000,35.26,USD,1.15559,1.50,,EOF1585890466,,
Market buy,2021-10-07 13:38:51,US87918A1051,TDOC,"Teladoc",0.0089428000,129.21,USD,1.15560,1.00,,EOF1585890478,,
Market buy,2021-10-07 13:38:51,CA82509L1076,SHOP,"Shopify",0.0012582000,1377.60,USD,1.15560,1.50,,EOF1585890475,,
Market buy,2021-10-07 13:38:51,US0079031078,AMD,"Advanced Micro Devices",0.0164559000,105.33,USD,1.15559,1.50,,EOF1585890367,,
Market buy,2021-10-07 13:38:51,US00724F1012,ADBE,"Adobe Systems",0.0029912000,579.45,USD,1.15560,1.50,,EOF1585890372,,
Market buy,2021-10-07 13:38:51,US31188V1008,FSLY,"Fastly",0.0432460000,40.08,USD,1.15560,1.50,,EOF1585890431,,
Market buy,2021-10-07 13:38:51,US69608A1088,PLTR,"Palantir",0.0488170000,23.67,USD,1.15560,1.00,,EOF1585890428,,
Market buy,2021-10-07 13:38:52,US29355A1079,ENPH,"Enphase Energy",0.0109446000,158.37,USD,1.15560,1.50,,EOF1585890485,,
Market buy,2021-10-07 13:38:52,US91688F1049,UPWK,"Upwork",0.0225190000,51.31,USD,1.15559,1.00,,EOF1585890490,,
Market buy,2021-10-07 13:38:52,US0527691069,ADSK,"Autodesk",0.0061703000,280.91,USD,1.15560,1.50,,EOF1585890503,,
Market buy,2021-10-07 13:38:52,US03662Q1058,ANSS,"ANSYS",0.0049846000,347.73,USD,1.15560,1.50,,EOF1585890499,,
Market buy,2021-10-07 13:38:53,US91332U1016,U,"Unity Software",0.0127777000,135.65,USD,1.15560,1.50,,EOF1585890509,,
Market buy,2021-10-07 13:38:53,US18915M1071,NET,"Cloudflare",0.0130215000,133.11,USD,1.15559,1.50,,EOF1585890506,,
Market buy,2021-10-07 13:38:53,US90138F1021,TWLO,"Twilio",0.0054003000,320.96,USD,1.15560,1.50,,EOF1585890518,,
Market buy,2021-10-07 13:38:53,US70432V1026,PAYC,"Paycom Software",0.0033641000,515.22,USD,1.15560,1.50,,EOF1585890522,,
Market buy,2021-10-07 13:38:54,US3383071012,FIVN,"Five9",0.0076634000,150.78,USD,1.15559,1.00,,EOF1585890529,,
Market buy,2021-10-07 13:38:54,US12769G1004,CZR,"Caesars Entertainment",0.0099887000,115.68,USD,1.15560,1.00,,EOF1585890533,,
Market buy,2021-10-07 13:38:55,US52567D1072,LMND,"Lemonade",0.0178290000,64.81,USD,1.15559,1.00,,EOF1585890536,,
Market buy,2021-10-07 13:38:56,CA1366351098,CSIQ,"Canadian Solar",0.0537620000,32.24,USD,1.15559,1.50,,EOF1585890543,,
Market buy,2021-10-07 13:38:58,US5533681012,MP,"MP Materials",0.0383500000,30.13,USD,1.15559,1.00,,EOF1585890560,,
Market buy,2021-10-07 13:39:00,US30212W1009,EXPI,"eXp World Holdings",0.0270670000,42.69,USD,1.15560,1.00,,EOF1585890569,,
Market buy,2021-10-07 13:39:01,FR0000121014,MC,"LVMH",0.0220341000,638.00,EUR,1.00000,14.10,,EOF1585890590,0.04,
Market buy,2021-10-07 13:39:01,DE0007164600,SAP,"SAP SE",0.1199379000,117.56,EUR,1.00000,14.10,,EOF1585890594,,
Market buy,2021-10-07 13:39:03,GB0009895292,AZN,"AstraZeneca",0.1442882600,8844.00,GBX,84.98783,15.11,0.08,EOF1585890601,,0.02
Market buy,2021-10-07 13:39:04,GB00BH4HKS39,VOD,"Vodafone Group",10.5257673000,113.12,GBX,84.98783,14.10,0.07,EOF1585890610,,0.02
Market buy,2021-10-07 13:39:05,NL0010273215,ASML,"ASML Holding",0.0217994000,646.80,EUR,1.00000,14.10,,EOF1585890617,,
Market buy,2021-10-07 13:39:06,NL0012969182,ADYEN,"Adyen NV",0.0057421700,2455.50,EUR,1.00000,14.10,,EOF1585890623,,
Market buy,2021-10-07 13:39:09,US83417M1045,SEDG,"SolarEdge Technologies",0.0064946000,266.88,USD,1.15560,1.50,,EOF1585890663,,
Market buy,2021-10-07 13:39:11,US7427181091,PG,"Procter & Gamble",0.0981586000,142.45,USD,1.15560,12.12,,EOF1585890703,,0.02
Market buy,2021-10-07 13:39:11,US11135F1012,AVGO,"Broadcom ",0.0282341000,495.24,USD,1.15560,12.12,,EOF1585890712,,0.02
Market buy,2021-10-07 13:39:11,US1912161007,KO,"Coca-Cola",0.3008850000,54.23,USD,1.15559,14.14,,EOF1585890709,,0.02
Market buy,2021-10-07 13:39:11,US0378331005,AAPL,"Apple",0.1140331000,143.09,USD,1.15560,14.14,,EOF1585890706,,0.02
Market buy,2021-10-07 13:39:12,US7170811035,PFE,"Pfizer",0.3290820000,42.49,USD,1.15560,12.12,,EOF1585890719,,0.02
Market buy,2021-10-07 13:39:13,KYG851581069,STNE,"StoneCo",0.0510390000,33.96,USD,1.15560,1.50,,EOF1585890722,,
Market buy,2021-10-07 13:39:15,US8356993076,SONY,"Sony Group",0.1318749000,106.03,USD,1.15559,12.12,,EOF1585890733,,0.02
Market buy,2021-10-07 13:39:15,US8356993076,SONY,"Sony Group",0.0163472000,106.03,USD,1.15559,1.50,,EOF1585890730,,
Market buy,2021-10-07 13:39:19,CH0012221716,ABBN,"ABB",0.5232140000,30.89,CHF,1.07105,15.11,,EOF1585890761,,0.02
Market buy,2021-10-07 13:39:19,IL0011582033,FVRR,"Fiverr International",0.0063186000,182.87,USD,1.15560,1.00,,EOF1585890767,,
Market buy,2021-10-07 13:39:19,US75737F1084,RDFN,"Redfin",0.0231470000,49.92,USD,1.15560,1.00,,EOF1585890764,,
Market buy,2021-10-07 13:39:21,US00206R1023,T,"AT&T",0.5144480000,27.18,USD,1.15560,12.12,,EOF1585890779,,0.02
Market buy,2021-10-07 13:39:41,IE00B3XXRP09,VUSA,"Vanguard S&P 500 ETF",0.2330510000,61.53,GBP,0.84998,16.90,,EOF1585890922,,0.03
Market buy,2021-10-07 13:39:46,IE00B8GKDB10,VHYL,"Vanguard FTSE All-World High Dividend Yield",0.3228270000,45.76,GBP,0.84997,17.41,,EOF1585890955,,0.03
Market buy,2021-10-07 13:39:48,IE00B1XNHC34,INRG,"iShares Global Clean Energy",1.5851233000,904.50,GBX,84.98783,16.90,,EOF1585890964,,0.03
Market buy,2021-10-07 13:40:10,GB00BYN59130,DOM,"Domino's Pizza Group",2.7417901000,373.20,GBX,84.98782,12.12,0.06,EOF1585891035,,0.02
Market buy,2021-12-08 08:00:09,NL0010273215,ASML,"ASML Holding",0.0156986000,719.80,EUR,1.00000,11.30,,EOF1702648470,,
Market buy,2021-12-08 08:00:13,FR0000121014,MC,"LVMH",0.0155738000,723.40,EUR,1.00000,11.30,,EOF1702648553,0.03,
Market buy,2021-12-08 08:00:22,NL0012969182,ADYEN,"Adyen NV",0.0045235700,2498.00,EUR,1.00000,11.30,,EOF1702648604,,
Market buy,2021-12-08 08:00:27,DE0007164600,SAP,"SAP SE",0.0944491000,119.64,EUR,1.00000,11.30,,EOF1702648645,,
Market buy,2021-12-08 08:00:33,GB00BH4HKS39,VOD,"Vodafone Group",8.6093825000,111.10,GBX,85.22029,11.30,0.06,EOF1702648862,,0.02
Market buy,2021-12-08 08:00:34,GB0009895292,AZN,"AstraZeneca",0.1236804600,8289.00,GBX,85.22032,12.11,0.06,EOF1702648988,,0.02
Market buy,2021-12-08 08:00:35,IE00B3XXRP09,VUSA,"Vanguard S&P 500 ETF",0.5043240000,67.37,GBP,0.85220,39.93,,EOF1702649010,,0.06
Market buy,2021-12-08 08:00:35,IE00B1XNHC34,INRG,"iShares Global Clean Energy",3.4268616000,991.50,GBX,85.22032,39.93,,EOF1702649001,,0.06
Market buy,2021-12-08 08:00:42,GB00BYN59130,DOM,"Domino's Pizza Group",2.8765233000,367.60,GBX,85.22032,12.49,0.06,EOF1702649186,,0.02
Market buy,2021-12-08 08:00:50,CH0012221716,ABBN,"ABB",0.3741720000,33.70,CHF,1.04297,12.11,,EOF1702649264,,0.02
Market buy,2021-12-08 08:01:01,IE00B8GKDB10,VHYL,"Vanguard FTSE All-World High Dividend Yield",0.7304400000,47.94,GBP,0.85221,41.16,,EOF1702649494,,0.07
Market buy,2021-12-08 15:31:36,US12769G1004,CZR,"Caesars Entertainment",0.0123840000,94.21,USD,1.13274,1.03,,EOF1703632702,,
Market buy,2021-12-08 15:31:36,US46625H1005,JPM,"JPMorgan Chase",0.0108813000,161.35,USD,1.13274,1.55,,EOF1703632692,,
Market buy,2021-12-08 15:31:36,US0079031078,AMD,"Advanced Micro Devices",0.0121560000,144.43,USD,1.13274,1.55,,EOF1703632707,,
Market buy,2021-12-08 15:31:37,US2473617023,DAL,"Delta Air Lines",0.0443130000,39.62,USD,1.13275,1.55,,EOF1703632735,,
Market buy,2021-12-08 15:31:37,US67066G1040,NVDA,"Nvidia",0.0055127000,318.48,USD,1.13274,1.55,,EOF1703632747,,
Market buy,2021-12-08 15:31:37,US0527691069,ADSK,"Autodesk",0.0063346000,277.16,USD,1.13274,1.55,,EOF1703632753,,
Market buy,2021-12-08 15:31:37,CA82509L1076,SHOP,"Shopify",0.0011675800,1503.70,USD,1.13274,1.55,,EOF1703632750,,
Market buy,2021-12-08 15:31:37,US62914V1061,NIO,"NIO Inc",0.0521130000,33.69,USD,1.13274,1.55,,EOF1703632741,,
Market buy,2021-12-08 15:31:37,US88160R1014,TSLA,"Tesla",0.0016853600,1041.73,USD,1.13274,1.55,,EOF1703632738,,
Market buy,2021-12-08 15:31:37,US18915M1071,NET,"Cloudflare",0.0114006000,154.00,USD,1.13274,1.55,,EOF1703632744,,
Market buy,2021-12-08 15:31:38,US31188V1008,FSLY,"Fastly",0.0419020000,41.90,USD,1.13275,1.55,,EOF1703632778,,
Market buy,2021-12-08 15:31:38,US3383071012,FIVN,"Five9",0.0084177000,138.60,USD,1.13274,1.03,,EOF1703632773,,
Market buy,2021-12-08 15:31:38,US5533681012,MP,"MP Materials",0.0268510000,43.45,USD,1.13275,1.03,,EOF1703632769,,
Market buy,2021-12-08 15:31:38,US29355A1079,ENPH,"Enphase Energy",0.0078646000,223.24,USD,1.13274,1.55,,EOF1703632766,,
Market buy,2021-12-08 15:31:38,US7075691094,PENN,"Penn National Gaming",0.0221630000,52.64,USD,1.13274,1.03,,EOF1703632761,,
Market buy,2021-12-08 15:31:38,US52567D1072,LMND,"Lemonade",0.0242550000,48.10,USD,1.13274,1.03,,EOF1703632758,,
Market buy,2021-12-08 15:31:39,US91332U1016,U,"Unity Software",0.0118244000,148.48,USD,1.13274,1.55,,EOF1703632785,,
Market buy,2021-12-08 15:31:39,US8522341036,SQ,"Block",0.0093155000,188.47,USD,1.13274,1.55,,EOF1703632782,,
Market buy,2021-12-08 15:31:39,US87918A1051,TDOC,"Teladoc",0.0118940000,98.09,USD,1.13274,1.03,,EOF1703632789,,
Market buy,2021-12-08 15:31:39,US0126531013,ALB,"Albemarle",0.0044780000,260.54,USD,1.13274,1.03,,EOF1703632792,,
Market buy,2021-12-08 15:31:40,US91688F1049,UPWK,"Upwork",0.0307260000,37.97,USD,1.13275,1.03,,EOF1703632795,,
Market buy,2021-12-08 15:31:40,US30212W1009,EXPI,"eXp World Holdings",0.0313200000,37.25,USD,1.13274,1.03,,EOF1703632801,,
Market buy,2021-12-08 15:31:40,US03662Q1058,ANSS,"ANSYS",0.0043207000,406.34,USD,1.13274,1.55,,EOF1703632798,,
Market buy,2021-12-08 15:31:40,US01609W1027,BABA,"Alibaba",0.0141817000,123.80,USD,1.13275,1.55,,EOF1703632804,,
Market buy,2021-12-08 15:31:41,US00724F1012,ADBE,"Adobe Systems",0.0027069000,648.60,USD,1.13274,1.55,,EOF1703632807,,
Market buy,2021-12-08 15:31:43,KYG851581069,STNE,"StoneCo",0.1003250000,17.50,USD,1.13275,1.55,,EOF1703632813,,
Market buy,2021-12-08 15:31:43,US69608A1088,PLTR,"Palantir",0.0596770000,19.55,USD,1.13275,1.03,,EOF1703632816,,
Market buy,2021-12-08 15:31:43,US81141R1005,SE,"Sea Limited",0.0068525000,256.21,USD,1.13274,1.55,,EOF1703632819,,
Market buy,2021-12-08 15:31:43,US8356993076,SONY,"Sony Group",0.0140456000,125.00,USD,1.13274,1.55,,EOF1703632822,,
Market buy,2021-12-08 15:31:44,US83417M1045,SEDG,"SolarEdge Technologies",0.0052355000,335.34,USD,1.13274,1.55,,EOF1703632828,,
Market buy,2021-12-08 15:31:44,IL0011582033,FVRR,"Fiverr International",0.0082868000,140.79,USD,1.13274,1.03,,EOF1703632831,,
Market buy,2021-12-08 15:31:45,US75737F1084,RDFN,"Redfin",0.0280380000,41.61,USD,1.13274,1.03,,EOF1703632836,,
Market buy,2021-12-08 15:31:47,US72352L1061,PINS,"Pinterest",0.0438370000,40.05,USD,1.13274,1.55,,EOF1703632845,,
Market buy,2021-12-08 15:31:47,US29786A1060,ETSY,"Etsy",0.0048390000,241.10,USD,1.13274,1.03,,EOF1703632840,,
Market buy,2021-12-08 15:31:48,US90138F1021,TWLO,"Twilio",0.0065897000,266.43,USD,1.13274,1.55,,EOF1703632850,,
Market buy,2021-12-08 15:31:51,CA1366351098,CSIQ,"Canadian Solar",0.0520050000,33.76,USD,1.13275,1.55,,EOF1703632853,,
Market buy,2021-12-08 15:32:08,US70432V1026,PAYC,"Paycom Software",0.0040304000,435.61,USD,1.13274,1.55,,EOF1703632926,,
Market buy,2021-12-08 15:32:16,US58733R1023,MELI,"Mercado Libre",0.0009777300,1193.27,USD,1.13274,1.03,,EOF1703632956,,
Market buy,2021-12-08 15:32:21,US0378331005,AAPL,"Apple",0.0833936000,174.00,USD,1.13274,12.83,,EOF1703632990,,0.02
Market buy,2021-12-08 15:32:21,US11135F1012,AVGO,"Broadcom ",0.0213135000,583.55,USD,1.13274,11.00,,EOF1703632984,,0.02
Market buy,2021-12-08 15:32:21,US7427181091,PG,"Procter & Gamble",0.0820469000,151.59,USD,1.13274,11.00,,EOF1703632997,,0.02
Market buy,2021-12-08 15:32:21,US7170811035,PFE,"Pfizer",0.2415040000,51.50,USD,1.13275,11.00,,EOF1703632994,,0.02
Market buy,2021-12-08 15:32:32,US00206R1023,T,"AT&T",0.5351760000,23.24,USD,1.13275,11.00,,EOF1703633038,,0.02
Market buy,2021-12-08 15:32:37,US1912161007,KO,"Coca-Cola",0.2636830000,55.03,USD,1.13275,12.83,,EOF1703633053,,0.02
Market buy,2021-12-08 15:33:09,US8356993076,SONY,"Sony Group",0.0993966000,125.13,USD,1.13274,11.00,,EOF1703633136,,0.02
Market buy,2021-12-08 15:36:40,GB00BYN59130,DOM,"Domino's Pizza Group",2.5435162000,368.60,GBX,85.81310,11.00,0.05,EOF1703633483,,0.02